Temperature,Speed
21,0.5480223
23,0.8615092
26,1.366937
29,1.5421637
31,1.6639834
33,1.634801
35,0.858471
